,media_channel,average_spend,optimal_spend
0,tv_ad,3886.7405539521055,3483.9395491069095
1,social_ad,5760.823911393626,4608.659129115168
2,search_ad,7774.828935620161,9329.794722743813
