,channels,effect_share
0,tv_ad,0.07654971440898778
1,social_ad,0.037619865081462235
2,search_ad,0.19105796680153445
3,organic_proxy,0.6947724537080155
